{
  "condition": "minecraft:any_of",
  "terms": [
    {
      "condition": "minecraft:entity_scores",
      "entity": "this",
      "scores": {
        "timber_w_axe": {
          "min": 1,
          "max": 2147483647
        }
      }
    },
    {
      "condition": "minecraft:entity_scores",
      "entity": "this",
      "scores": {
        "timber_s_axe": {
          "min": 1,
          "max": 2147483647
        }
      }
    },
    {
      "condition": "minecraft:entity_scores",
      "entity": "this",
      "scores": {
        "timber_i_axe": {
          "min": 1,
          "max": 2147483647
        }
      }
    },
    {
      "condition": "minecraft:entity_scores",
      "entity": "this",
      "scores": {
        "timber_g_axe": {
          "min": 1,
          "max": 2147483647
        }
      }
    },
    {
      "condition": "minecraft:entity_scores",
      "entity": "this",
      "scores": {
        "timber_d_axe": {
          "min": 1,
          "max": 2147483647
        }
      }
    },
    {
      "condition": "minecraft:entity_scores",
      "entity": "this",
      "scores": {
        "timber_n_axe": {
          "min": 1,
          "max": 2147483647
        }
      }
    }
  ]
}