{
  "type": "minecraft:block",
  "pools": [
    {
      "rolls": 1,
      "entries": [
        {
          "type": "minecraft:item",
          "name": "minecraft:mushroom_stem"
        }
      ],
      "conditions": [
        {
          "condition": "minecraft:match_tool",
          "predicate": {
            "components": {
              "minecraft:enchantments": {
                "levels": {
                  "minecraft:silk_touch": 1
                }
              }
            }
          }
        }
      ]
    },
    {
      "rolls": 1,
      "entries": [
        {
          "type": "minecraft:item",
          "name": "minecraft:knowledge_book",
          "functions": [
            {
              "function": "minecraft:set_custom_data",
              "tag": "{Tags:[\"timber_location\"]}"
            }
          ],
          "conditions": [
            {
              "condition": "minecraft:match_tool",
              "predicate": {
                "items": "#timber:axes"
              }
            }
          ]
        }
      ]
    }
  ]
}