[
  {
    "function": "minecraft:set_damage",
    "damage": {
      "type": "minecraft:score",
      "target": {
        "type": "minecraft:fixed",
        "name": "damage"
      },
      "score": "timber",
      "scale": 0.01694915254237288
    },
    "conditions": [
      {
        "condition": "minecraft:entity_properties",
        "entity": "this",
        "predicate": {
          "equipment": {
            "mainhand": {
              "items": "minecraft:wooden_axe"
            }
          }
        }
      }
    ]
  },
  {
    "function": "minecraft:set_damage",
    "damage": {
      "type": "minecraft:score",
      "target": {
        "type": "minecraft:fixed",
        "name": "damage"
      },
      "score": "timber",
      "scale": 0.007633587786259542
    },
    "conditions": [
      {
        "condition": "minecraft:entity_properties",
        "entity": "this",
        "predicate": {
          "equipment": {
            "mainhand": {
              "items": "minecraft:stone_axe"
            }
          }
        }
      }
    ]
  },
  {
    "function": "minecraft:set_damage",
    "damage": {
      "type": "minecraft:score",
      "target": {
        "type": "minecraft:fixed",
        "name": "damage"
      },
      "score": "timber",
      "scale": 0.004
    },
    "conditions": [
      {
        "condition": "minecraft:entity_properties",
        "entity": "this",
        "predicate": {
          "equipment": {
            "mainhand": {
              "items": "minecraft:iron_axe"
            }
          }
        }
      }
    ]
  },
  {
    "function": "minecraft:set_damage",
    "damage": {
      "type": "minecraft:score",
      "target": {
        "type": "minecraft:fixed",
        "name": "damage"
      },
      "score": "timber",
      "scale": 0.03125
    },
    "conditions": [
      {
        "condition": "minecraft:entity_properties",
        "entity": "this",
        "predicate": {
          "equipment": {
            "mainhand": {
              "items": "minecraft:golden_axe"
            }
          }
        }
      }
    ]
  },
  {
    "function": "minecraft:set_damage",
    "damage": {
      "type": "minecraft:score",
      "target": {
        "type": "minecraft:fixed",
        "name": "damage"
      },
      "score": "timber",
      "scale": 0.0006393861892583121
    },
    "conditions": [
      {
        "condition": "minecraft:entity_properties",
        "entity": "this",
        "predicate": {
          "equipment": {
            "mainhand": {
              "items": "minecraft:diamond_axe"
            }
          }
        }
      }
    ]
  },
  {
    "function": "minecraft:set_damage",
    "damage": {
      "type": "minecraft:score",
      "target": {
        "type": "minecraft:fixed",
        "name": "damage"
      },
      "score": "timber",
      "scale": 0.0004923682914820286
    },
    "conditions": [
      {
        "condition": "minecraft:entity_properties",
        "entity": "this",
        "predicate": {
          "equipment": {
            "mainhand": {
              "items": "minecraft:netherite_axe"
            }
          }
        }
      }
    ]
  }
]